{
  "generated": "2025-11-25T15:00:46.769284",
  "results": {
    "lego_loam": {
      "5th_floor": {
        "num_poses": 1095,
        "duration_s": 437.5903470516205,
        "length_m": 188.14239890947033,
        "drift_m": 0.7470965688624196,
        "drift_pct": 0.3970910189265232
      },
      "1st_floor": {
        "num_poses": 319,
        "duration_s": 127.19860696792603,
        "length_m": 73.72724501079108,
        "drift_m": 0.32914125072983486,
        "drift_pct": 0.44643096413226907
      },
      "4th_floor": {
        "num_poses": 327,
        "duration_s": 130.5955033302307,
        "length_m": 66.16162784084216,
        "drift_m": 0.13756728515893596,
        "drift_pct": 0.20792608895577153
      },
      "2nd_floor": {
        "num_poses": 665,
        "duration_s": 265.59830808639526,
        "length_m": 135.01739734472022,
        "drift_m": 0.10669718782610907,
        "drift_pct": 0.07902477008477263
      }
    },
    "orb_slam3": {
      "5th_floor": {
        "num_poses": 7800,
        "duration_s": 437.84999990463257,
        "length_m": 151.89113127878545,
        "drift_m": 0.7027226992232538,
        "drift_pct": 0.462648933684914
      },
      "1st_floor": {
        "num_poses": 1991,
        "duration_s": 127.45000004768372,
        "length_m": 31.50065334403476,
        "drift_m": 12.010503779835194,
        "drift_pct": 38.12779261643349
      },
      "4th_floor": {
        "num_poses": 2617,
        "duration_s": 130.95000004768372,
        "length_m": 57.99684601162861,
        "drift_m": 0.5653171847027236,
        "drift_pct": 0.9747378065858532
      },
      "2nd_floor": {
        "num_poses": 5191,
        "duration_s": 265.90000009536743,
        "length_m": 107.00283706569797,
        "drift_m": 1.9709707447982927,
        "drift_pct": 1.8419798940360332
      }
    }
  }
}