{
  "value0": {
    "T_imu_cam": [
      {
        "px": 0.0574620085297837,
        "py": -0.24790716002890406,
        "pz": -0.003942073228673075,
        "qx": 0.0,
        "qy": 0.0,
        "qz": 0.0,
        "qw": 1.0
      },
      {
        "px": 0.0574620085297837,
        "py": -0.24790716002890406,
        "pz": -0.003942073228673075,
        "qx": 0.0,
        "qy": 0.0,
        "qz": 0.0,
        "qw": 1.0
      }
    ],
    "intrinsics": [
      {
        "camera_type": "pinhole",
        "intrinsics": {
          "fx": 893.6263545058326,
          "fy": 893.9655105687939,
          "cx": 376.95348001716707,
          "cy": 266.57152598273194
        },
        "resolution": [
          720,
          540
        ]
      },
      {
        "camera_type": "pinhole",
        "intrinsics": {
          "fx": 890.413113214874,
          "fy": 890.5963588964028,
          "cx": 370.45235809833287,
          "cy": 281.40396328476237
        },
        "resolution": [
          720,
          540
        ]
      }
    ],
    "imu_update_rate": 200.0,
    "gyro_noise_std": 7.77970988215584e-05,
    "accel_noise_std": 0.0014126598501078217,
    "gyro_bias_std": 3.3171207235534e-07,
    "accel_bias_std": 1.9005701759499173e-05
  }
}