{
    "value0": {
        "T_imu_cam": [
            {
                "px": 0.04309816,
                "py": -0.07989213,
                "pz": 0.02304489,
                "qx": 0.00201982,
                "qy": 0.01011291,
                "qz": 0.70588296,
                "qw": 0.70823028
            },
            {
                "px": 0.04258929,
                "py": 0.08464542,
                "pz": 0.02183881,
                "qx": 0.00118355,
                "qy": 0.01172702,
                "qz": 0.70553048,
                "qw": 0.70855557
            }
        ],
        "intrinsics": [
            {
                "camera_type": "kb4",
                "intrinsics": {
                    "fx": 893.6263545058326,
                    "fy": 893.9655105687939,
                    "cx": 376.95348001716707,
                    "cy": 266.57152598273194,
                    "k1": -0.21272110177039052,
                    "k2": 0.18283401892861978,
                    "k3": 0.0,
                    "k4": 0.0
                }
            },
            {
                "camera_type": "kb4",
                "intrinsics": {
                    "fx": 890.4133671096881,
                    "fy": 890.5963578508498,
                    "cx": 370.4515420879498,
                    "cy": 281.40362800292026,
                    "k1": -0.20820562738988288,
                    "k2": 0.16675039657742063,
                    "k3": 0.0,
                    "k4": 0.0
                }
            }
        ],
        "resolution": [
            [720, 540],
            [720, 540]
        ],
        "vignette": [],
        "calib_accel_bias": [
            0.0, 0.0, 0.0,
            0.0, 0.0, 0.0,
            0.0, 0.0, 0.0
        ],
        "calib_gyro_bias": [
            0.0, 0.0, 0.0,
            0.0, 0.0, 0.0,
            0.0, 0.0, 0.0,
            0.0, 0.0, 0.0
        ],
        "imu_update_rate": 200.0,
        "accel_noise_std": [0.01, 0.01, 0.01],
        "gyro_noise_std": [0.001, 0.001, 0.001],
        "accel_bias_std": [0.001, 0.001, 0.001],
        "gyro_bias_std": [0.0001, 0.0001, 0.0001],
        "T_mocap_world": {
            "px": 0.0, "py": 0.0, "pz": 0.0,
            "qx": 0.0, "qy": 0.0, "qz": 0.0, "qw": 1.0
        },
        "T_imu_marker": {
            "px": 0.0, "py": 0.0, "pz": 0.0,
            "qx": 0.0, "qy": 0.0, "qz": 0.0, "qw": 1.0
        },
        "mocap_time_offset_ns": 0,
        "mocap_to_imu_offset_ns": 0,
        "cam_time_offset_ns": 0
    }
}
